Almanac,AlmanacDialog
TodLib/Attachment,Attachment,AttachmentHolder,AttachmentUpdateAndSetMatrix,AttachmentUpdateAndMove,AttachmentOverrideColor,AttachmentPropogateColor,AttachmentOverrideScale,AttachmentCrossFade,AttachmentReanimTypeDie,AttachmentDetachCrossFadeParticleType,AttachmentDraw,AttachmentDie,AttachmentDetach
AwardScreen,AwardScreen,LevelStats
Board,Board
Challenge,Challenge
ChallengeScreen,ChallengeScreen
CheatDialog,CheatDialog
Coin,Coin
ContinueDialog,ContinueDialog
CreditScreen,CreditScreen,CreditsOverlay,TodsHackyUnprotectedPerfTimer
CursorObject,CursorObject
CursorPreview,CursorPreview
CutScene,CutScene
DataReader,DataReader,DataReaderException
DataSync,DataSync
DataWriter,DataWriter
TodLib/Definition,TodAllocator
TodLib/EffectSystem,EffectSystem,TodTriangleGroup
GameButton,GameButton,LawnStoneButton,NewLawnButton
GameObject,GameObject
GameSelector,GameSelector,GameSelectorOverlay
GridItem,GridItem
LawnApp,LawnApp
LawnCommon,LawnEditWidget
LawnDialog,LawnDialog,ReanimationWidget,GameOverDialog
LawnMower,LawnMower
MessageWidget,MessageWidget
Music,Music
NewOptionsDialog,NewOptionsDialog
NewUserDialog,NewUserDialog
Plant,Plant,PlantDefinition,PottedPlant
PlayerInfo,PlayerInfo,
PoolEffect,PoolEffect
ProfileMgr,ProfileMgr
Projectile,Projectile
TodLib/ReanimAtlas,ReanimAtlas
ReanimationLawn,ReanimatorCache
TodLib/Reanimator,ReanimatorTransform,ReanimatorDefinition,ReanimatorTrackInstance,Reanimation,ReanimationHolder,AttacherInfo,
SaveGame,SaveGameContext
SeedChooserScreen,SeedChooserScreen,ImitaterDialog
SeedPacket,SeedPacket,SeedBank
SexyAppFramework/AutoCrit,Sexy::AutoCrit
SexyAppFramework/BassLoader,Sexy::BASS_INSTANCE
SexyAppFramework/BassMusicInterface,Sexy::BassMusicInterface,Sexy::BassMusicInfo
SexyAppFramework/BetaSupport,Sexy::BetaSupport
SexyAppFramework/Buffer,Sexy::Buffer
SexyAppFramework/ButtonListener,Sexy::ButtonListener
SexyAppFramework/ButtonWidget,Sexy::ButtonWidget
SexyAppFramework/Checkbox,Sexy::Checkbox
SexyAppFramework/CheckboxListener,Sexy::CheckboxListener
SexyAppFramework/Color,Sexy::Color
SexyAppFramework/CritSect,Sexy::CritSect
SexyAppFramework/D3DInterface,Sexy::D3DInterface,Sexy::TextureData
SexyAppFramework/D3DTester,Sexy::D3DTester,Sexy::D3DTestImage
SexyAppFramework/DDImage,Sexy::DDImage
SexyAppFramework/DDInterface,Sexy::DDInterface
SexyAppFramework/DescParser,Sexy::DescParser,Sexy::DataElement,Sexy::ListDataElement,Sexy::SingleDataElement
SexyAppFramework/Dialog,Sexy::Dialog
SexyAppFramework/DialogButton,Sexy::DialogButton
SexyAppFramework/DSoundInstance,Sexy::DSoundInstance
SexyAppFramework/DSoundManager,Sexy::DSoundManager
SexyAppFramework/EditListener,Sexy::EditListener
SexyAppFramework/EditWidget,Sexy::EditWidget
SexyAppFramework/Flags,Sexy::FlagsMod,Sexy::ModalFlags,Sexy::AutoModalFlags
SexyAppFramework/FModLoader,Sexy::FMOD_INSTANCE
SexyAppFramework/FModMusicInterface,Sexy::FModMusicInterface,Sexy::FModMusicInfo
SexyAppFramework/Font,Sexy::Font
SexyAppFramework/Graphics,Sexy::Graphics,Sexy::GraphicsAutoState,Sexy::GraphicsState
SexyAppFramework/HTTPTransfer,Sexy::HTTPTransfer
SexyAppFramework/HyperlinkWidget,Sexy::HyperlinkWidget
SexyAppFramework/Image,Sexy::Image
SexyAppFramework/ImageFont,Sexy::ImageFont,Sexy::CharData,Sexy::FontData,Sexy::FontLayer,Sexy::RenderCommand,Sexy::ActiveFontLayer
SexyAppFramework/ListListener,Sexy::ListListener
SexyAppFramework/ListWidget,Sexy::ListWidget
SexyAppFramework/MemoryImage,Sexy::MemoryImage
SexyAppFramework/MTRand,Sexy::MTRand,Sexy::MTAutoDisallowRand
SexyAppFramework/MusicInterface,Sexy::MusicInterface
SexyAppFramework/NativeDisplay,Sexy::NativeDisplay
SexyAppFramework/PerfTimer,Sexy::PerfTimer,Sexy::PerfInfo,Sexy::SexyAutoPerf,Sexy::SexyPerf
SexyAppFramework/PropertiesParser,Sexy::PropertiesParser
SexyAppFramework/Ratio,Sexy::Ratio
SexyAppFramework/ResourceManager,Sexy::ResourceManager,Sexy::ResourceManagerException
SexyAppFramework/SEHCatcher,Sexy::SEHCatcher
SexyAppFramework/SexyApp,Sexy::SexyApp,Sexy::BetaSupport
SexyAppFramework/SexyAppBase,Sexy::SexyAppBase,Sexy::WidgetSafeDeleteInfo
SexyAppFramework/SexyCache,Sexy::SexyCache
SexyAppFramework/SexyMatrix,Sexy::SexyMatrix3,Sexy::SexyTransform2D,Sexy::Transform
SexyAppFramework/SexyVector,Sexy::SexyVector2,Sexy::SexyVector3
SexyAppFramework/SharedImage,Sexy::SharedImage,Sexy::SharedImageRef
SexyAppFramework/Slider,Sexy::Slider
SexyAppFramework/SoundInstance,Sexy::SoundInstance
SexyAppFramework/SoundManager,Sexy::SoundManager
SexyAppFramework/SWTri,Sexy::SWHelper
SexyAppFramework/SysFont,Sexy::SysFont
SexyAppFramework/TriVertex,Sexy::TriVertex
SexyAppFramework/Widget,Sexy::Widget
SexyAppFramework/WidgetContainer,Sexy::WidgetContainer
SexyAppFramework/WidgetManager,Sexy::WidgetManager,Sexy::PreModalInfo
SexyAppFramework/XMLParser,Sexy::XMLParser,Sexy::XMLElement
StoreScreen,StoreScreen,StoreScreenOverlay
TitleScreen,TitleScreen
TodLib/TodCommon,TodResourceManager
TodLib/TodDebug,TodHesitationBracket
TodLib/TodFoley,TodFoley,FoleyTypeData
TodLib/TodParticle,TodParticleDefinition,TodParticleEmitter,TodParticleHolder,TodParticleSystem,
ToolTipWidget,ToolTipWidget
TodLib/Trail,Trail,TrailDefinition,TrailHolder
TypingCheck,TypingCheck
UserDialog,UserDialog
ZenGarden,ZenGarden
Zombie,Zombie